[
{
   "model": "contenttypes.contenttype",
   "pk": 1,
   "fields": {
      "app_label": "admin",
      "model": "logentry"
   }
},
{
   "model": "contenttypes.contenttype",
   "pk": 2,
   "fields": {
      "app_label": "auth",
      "model": "permission"
   }
},
{
   "model": "contenttypes.contenttype",
   "pk": 3,
   "fields": {
      "app_label": "auth",
      "model": "group"
   }
},
{
   "model": "contenttypes.contenttype",
   "pk": 4,
   "fields": {
      "app_label": "auth",
      "model": "user"
   }
},
{
   "model": "contenttypes.contenttype",
   "pk": 5,
   "fields": {
      "app_label": "contenttypes",
      "model": "contenttype"
   }
},
{
   "model": "contenttypes.contenttype",
   "pk": 6,
   "fields": {
      "app_label": "sessions",
      "model": "session"
   }
},
{
   "model": "contenttypes.contenttype",
   "pk": 7,
   "fields": {
      "app_label": "apartaments",
      "model": "apartment"
   }
},
{
   "model": "contenttypes.contenttype",
   "pk": 8,
   "fields": {
      "app_label": "apartaments",
      "model": "apartmentimage"
   }
},
{
   "model": "contenttypes.contenttype",
   "pk": 9,
   "fields": {
      "app_label": "apartaments",
      "model": "property"
   }
},
{
   "model": "contenttypes.contenttype",
   "pk": 10,
   "fields": {
      "app_label": "apartaments",
      "model": "apartmentproperty"
   }
},
{
   "model": "contenttypes.contenttype",
   "pk": 11,
   "fields": {
      "app_label": "reservations",
      "model": "status"
   }
},
{
   "model": "contenttypes.contenttype",
   "pk": 12,
   "fields": {
      "app_label": "reservations",
      "model": "reservation"
   }
},
{
   "model": "contenttypes.contenttype",
   "pk": 13,
   "fields": {
      "app_label": "reservations",
      "model": "apartmentinreservation"
   }
},
{
   "model": "contenttypes.contenttype",
   "pk": 14,
   "fields": {
      "app_label": "apartments",
      "model": "apartment"
   }
},
{
   "model": "contenttypes.contenttype",
   "pk": 15,
   "fields": {
      "app_label": "apartments",
      "model": "apartmentproperty"
   }
},
{
   "model": "contenttypes.contenttype",
   "pk": 16,
   "fields": {
      "app_label": "apartments",
      "model": "property"
   }
},
{
   "model": "contenttypes.contenttype",
   "pk": 17,
   "fields": {
      "app_label": "apartments",
      "model": "apartmentimage"
   }
},
{
   "model": "contenttypes.contenttype",
   "pk": 18,
   "fields": {
      "app_label": "apartments",
      "model": "apartmentdates"
   }
},
{
   "model": "sessions.session",
   "pk": "6ytc1xbjy77hhr3peyud9182wgdc7k0a",
   "fields": {
      "session_data": "OGU5YzJlMDc2NzkxZDg5ZWMyN2U3YTY0OTFjZTc4NDQxNDE5M2Y4NDp7Il9hdXRoX3VzZXJfaWQiOiIxIiwiX2F1dGhfdXNlcl9iYWNrZW5kIjoiZGphbmdvLmNvbnRyaWIuYXV0aC5iYWNrZW5kcy5Nb2RlbEJhY2tlbmQiLCJfYXV0aF91c2VyX2hhc2giOiJiMWQ2NjkwZTljNjI5ZjRmZTQ2MTlhMjhkNmVhMDlmYjQ1Mzc1ZDRlIn0=",
      "expire_date": "2018-10-06T14:45:15.668Z"
   }
},
{
   "model": "sessions.session",
   "pk": "cbdunznxwg2hadceq8vka9pe6p1uak28",
   "fields": {
      "session_data": "Y2U4MmY1OTViZGNjNGQ2ZTg5ZmI4ZTkzZGNhMGViNTcwZGU5NjA5ODp7fQ==",
      "expire_date": "2018-11-06T16:24:30.266Z"
   }
},
{
   "model": "sessions.session",
   "pk": "eaenlpgt6xgf1djase9soyirmrlxdrqe",
   "fields": {
      "session_data": "OTg3MzM3OTQ5YzJmYmQyYTAxZDgxMTU5OTQ4NzBhYzZjZGUwMWQ0Yzp7Il9hdXRoX3VzZXJfaWQiOiIxOSIsIl9hdXRoX3VzZXJfYmFja2VuZCI6ImRqYW5nby5jb250cmliLmF1dGguYmFja2VuZHMuTW9kZWxCYWNrZW5kIiwiX2F1dGhfdXNlcl9oYXNoIjoiZjA3YjgyMjg4ZmJhY2Q4YThmN2QzMDczNTliMzIwYzljNTI1OWUzOSJ9",
      "expire_date": "2018-11-17T09:09:31.869Z"
   }
},
{
   "model": "sessions.session",
   "pk": "ekvnz0brmmk9zf3nlcld6dju7nrnyj66",
   "fields": {
      "session_data": "OGU5YzJlMDc2NzkxZDg5ZWMyN2U3YTY0OTFjZTc4NDQxNDE5M2Y4NDp7Il9hdXRoX3VzZXJfaWQiOiIxIiwiX2F1dGhfdXNlcl9iYWNrZW5kIjoiZGphbmdvLmNvbnRyaWIuYXV0aC5iYWNrZW5kcy5Nb2RlbEJhY2tlbmQiLCJfYXV0aF91c2VyX2hhc2giOiJiMWQ2NjkwZTljNjI5ZjRmZTQ2MTlhMjhkNmVhMDlmYjQ1Mzc1ZDRlIn0=",
      "expire_date": "2018-11-06T17:45:24.744Z"
   }
},
{
   "model": "sessions.session",
   "pk": "k5qimidzqp5pbbl5akxfinpxmp2t8e3z",
   "fields": {
      "session_data": "OGU5YzJlMDc2NzkxZDg5ZWMyN2U3YTY0OTFjZTc4NDQxNDE5M2Y4NDp7Il9hdXRoX3VzZXJfaWQiOiIxIiwiX2F1dGhfdXNlcl9iYWNrZW5kIjoiZGphbmdvLmNvbnRyaWIuYXV0aC5iYWNrZW5kcy5Nb2RlbEJhY2tlbmQiLCJfYXV0aF91c2VyX2hhc2giOiJiMWQ2NjkwZTljNjI5ZjRmZTQ2MTlhMjhkNmVhMDlmYjQ1Mzc1ZDRlIn0=",
      "expire_date": "2018-10-16T17:29:24.913Z"
   }
},
{
   "model": "sessions.session",
   "pk": "yqciz2cvy3hw6r9cy7wlpzm0hcsdvq4j",
   "fields": {
      "session_data": "OGU5YzJlMDc2NzkxZDg5ZWMyN2U3YTY0OTFjZTc4NDQxNDE5M2Y4NDp7Il9hdXRoX3VzZXJfaWQiOiIxIiwiX2F1dGhfdXNlcl9iYWNrZW5kIjoiZGphbmdvLmNvbnRyaWIuYXV0aC5iYWNrZW5kcy5Nb2RlbEJhY2tlbmQiLCJfYXV0aF91c2VyX2hhc2giOiJiMWQ2NjkwZTljNjI5ZjRmZTQ2MTlhMjhkNmVhMDlmYjQ1Mzc1ZDRlIn0=",
      "expire_date": "2018-11-20T20:28:35.710Z"
   }
},
{
   "model": "apartments.apartment",
   "pk": 1,
   "fields": {
      "name": "Lux Apartments",
      "short_description": "In the Sr\u00f3dmiescie district of Warsaw, close to Z\u0142ote Tarasy Shopping Centre, B&A Apartments City Centre Loft features a garden, free WiFi and a washing machine.",
      "description": "In the Sr\u00f3dmiescie district of Warsaw, close to Z\u0142ote Tarasy Shopping Centre, B&A Apartments City Centre Loft features a garden, free WiFi and a washing machine. Guests staying at this apartment have access to a fully equipped kitchen. Composed of 1 bedroom and 1 bathroom with a shower, this apartment is equipped with a satellite flat-screen TV. Popular points of interest near the apartment include Ujazdowski Park, Palace of Culture & Science and Parade Square. The nearest airport is Warsaw Frederic Chopin Airport, 6 km from B&A Apartments City Centre Loft. Sr\u00f3dmiescie is a great choice for travellers interested in food, museums and culture. This is our guests' favourite part of Warsaw, according to independent reviews. This property also has one of the best-rated locations in Warsaw! Guests are happier about it compared to other properties in the area. This property is also rated for the best value in Warsaw! Guests are getting more for their money when compared to other properties in this city. We speak your language!",
      "price": "120.00",
      "image_main": "product_images/Snapseed_5_2.jpg",
      "is_active": true,
      "created": "2018-09-22T14:46:32.383Z",
      "updated": "2018-09-22T14:47:39.978Z"
   }
},
{
   "model": "apartments.apartment",
   "pk": 2,
   "fields": {
      "name": "Deluxe Apartments",
      "short_description": "Located in the Heart of Warsaw, just 300 m from Golden Terraces and 200 m from Palace of Culture & Science. The property features city views and is a 9-minute walk from Parade Square.",
      "description": "B&A Apartments located in the Heart of Warsaw, just 300 m from Golden Terraces and 200 m from Palace of Culture & Science. The property features city views and is a 9-minute walk from Parade Square. Apartments features warm, modern interiors and free Wi-Fi access. The apartments includes a kitchen to cook in with a fridge, stove and essential kitchenware as well as a kettle. Nowy \u015awiat Street is 1.4 km from the apartment. Warsaw Central Train Station and Z\u0142ote Tarasy Shopping Centre are within 100 m from the property. The Centrum Metro Station is within a 5-minute walk. The Old Town is 2.3k m away. Modlin Bus, offering direct connections to Warsaw-Modlin Airport within 40 minutes, is only 150 m away. The nearest airport is Warsaw Chopin Airport, 6 km from B&A Apartments. This is our guests' favourite part of Warsaw, according to independent reviews. Couples particularly like the location \u2014 they rated it 8.9 for a two-person trip. We speak your language!",
      "price": "140.00",
      "image_main": "product_images/2018-05-25_21.48.06.jpg",
      "is_active": true,
      "created": "2018-09-22T14:47:32.941Z",
      "updated": "2018-09-22T14:47:32.941Z"
   }
},
{
   "model": "apartments.apartmentimage",
   "pk": 1,
   "fields": {
      "apartment": 1,
      "image": "product_images/Snapseed_5_2_fGPJPBm.jpg",
      "number_of_image": 1,
      "is_active": true,
      "created": "2018-09-22T14:46:32.425Z",
      "updated": "2018-09-22T14:47:39.982Z"
   }
},
{
   "model": "apartments.apartmentimage",
   "pk": 2,
   "fields": {
      "apartment": 1,
      "image": "product_images/Snapseed_1_2.jpg",
      "number_of_image": 2,
      "is_active": true,
      "created": "2018-09-22T14:46:32.456Z",
      "updated": "2018-09-22T14:47:39.983Z"
   }
},
{
   "model": "apartments.apartmentimage",
   "pk": 3,
   "fields": {
      "apartment": 1,
      "image": "product_images/Snapseed_4_2.jpg",
      "number_of_image": 3,
      "is_active": true,
      "created": "2018-09-22T14:46:32.476Z",
      "updated": "2018-09-22T14:47:39.984Z"
   }
},
{
   "model": "apartments.apartmentimage",
   "pk": 4,
   "fields": {
      "apartment": 1,
      "image": "product_images/Snapseed_7.jpg",
      "number_of_image": 4,
      "is_active": true,
      "created": "2018-09-22T14:46:32.496Z",
      "updated": "2018-09-22T14:47:39.985Z"
   }
},
{
   "model": "apartments.apartmentimage",
   "pk": 5,
   "fields": {
      "apartment": 2,
      "image": "product_images/2018-05-25_21.48.06_qLzyK3t.jpg",
      "number_of_image": 1,
      "is_active": true,
      "created": "2018-09-22T14:47:32.961Z",
      "updated": "2018-09-22T14:47:32.961Z"
   }
},
{
   "model": "apartments.apartmentimage",
   "pk": 6,
   "fields": {
      "apartment": 2,
      "image": "product_images/2018-05-25_21.48.34.jpg",
      "number_of_image": 2,
      "is_active": true,
      "created": "2018-09-22T14:47:32.971Z",
      "updated": "2018-09-22T14:47:32.971Z"
   }
},
{
   "model": "apartments.apartmentimage",
   "pk": 7,
   "fields": {
      "apartment": 2,
      "image": "product_images/2018-05-25_21.48.46.jpg",
      "number_of_image": 3,
      "is_active": true,
      "created": "2018-09-22T14:47:32.980Z",
      "updated": "2018-09-22T14:47:32.980Z"
   }
},
{
   "model": "apartments.apartmentimage",
   "pk": 8,
   "fields": {
      "apartment": 2,
      "image": "product_images/IMG_4011.jpg",
      "number_of_image": 4,
      "is_active": true,
      "created": "2018-09-22T14:47:32.992Z",
      "updated": "2018-09-22T14:47:32.992Z"
   }
},
{
   "model": "apartments.apartmentdates",
   "pk": 1,
   "fields": {
      "status": "0",
      "apartment": 1,
      "date": "2018-11-02",
      "is_active": true,
      "created": "2018-10-09T18:26:43.262Z",
      "updated": "2018-10-09T18:27:10.640Z"
   }
},
{
   "model": "apartments.apartmentdates",
   "pk": 2,
   "fields": {
      "status": "0",
      "apartment": 1,
      "date": "2018-11-01",
      "is_active": true,
      "created": "2018-10-09T18:26:54.305Z",
      "updated": "2018-10-09T18:27:01.608Z"
   }
},
{
   "model": "apartments.apartmentdates",
   "pk": 3,
   "fields": {
      "status": "0",
      "apartment": 1,
      "date": "2018-11-15",
      "is_active": true,
      "created": "2018-10-18T18:11:13.284Z",
      "updated": "2018-10-18T18:11:13.284Z"
   }
},
{
   "model": "apartments.apartmentdates",
   "pk": 4,
   "fields": {
      "status": "0",
      "apartment": 1,
      "date": "2018-10-18",
      "is_active": true,
      "created": "2018-10-18T18:45:34.492Z",
      "updated": "2018-10-18T18:45:34.492Z"
   }
},
{
   "model": "apartments.apartmentdates",
   "pk": 5,
   "fields": {
      "status": "0",
      "apartment": 1,
      "date": "2018-10-17",
      "is_active": true,
      "created": "2018-10-18T18:45:44.681Z",
      "updated": "2018-10-18T18:45:44.681Z"
   }
},
{
   "model": "reservations.status",
   "pk": 1,
   "fields": {
      "name": "Pre-reservation",
      "is_active": true,
      "created": "2018-10-02T17:29:37.271Z",
      "updated": "2018-10-02T17:29:37.271Z"
   }
},
{
   "model": "reservations.reservation",
   "pk": 1,
   "fields": {
      "customer_name": "Mykola Levchenko",
      "customer_email": "qupadlive@gmail.com",
      "customer_phone": "+485555555",
      "comments": null,
      "status": 1,
      "total_price": "0.00",
      "check_in_date": null,
      "check_out_date": null,
      "created": "2018-10-02T17:30:29.718Z",
      "updated": "2018-10-02T17:30:29.718Z"
   }
},
{
   "model": "reservations.reservation",
   "pk": 2,
   "fields": {
      "customer_name": "fhdghas",
      "customer_email": "qw@dhsgd.com",
      "customer_phone": "+4897986534",
      "comments": null,
      "status": 1,
      "total_price": "0.00",
      "check_in_date": null,
      "check_out_date": null,
      "created": "2018-10-02T18:20:42.998Z",
      "updated": "2018-10-02T18:20:42.998Z"
   }
},
{
   "model": "reservations.reservation",
   "pk": 3,
   "fields": {
      "customer_name": "Mykola Levchenko",
      "customer_email": "qupadlive@gmail.com",
      "customer_phone": "+48213312",
      "comments": null,
      "status": 1,
      "total_price": "0.00",
      "check_in_date": "2018-10-05",
      "check_out_date": "2018-10-05",
      "created": "2018-10-05T17:40:59.581Z",
      "updated": "2018-10-05T17:40:59.581Z"
   }
},
{
   "model": "reservations.reservation",
   "pk": 4,
   "fields": {
      "customer_name": "Mykola Levchenko",
      "customer_email": "qupadlive@gmail.com",
      "customer_phone": "+4832131321",
      "comments": null,
      "status": 1,
      "total_price": "560.00",
      "check_in_date": "2018-10-05",
      "check_out_date": "2018-10-09",
      "created": "2018-10-05T17:51:24.121Z",
      "updated": "2018-10-05T17:51:24.121Z"
   }
},
{
   "model": "reservations.reservation",
   "pk": 5,
   "fields": {
      "customer_name": "Mykola Levchenko",
      "customer_email": "qupadlive@gmail.com",
      "customer_phone": "+48das2131",
      "comments": null,
      "status": 1,
      "total_price": "0.00",
      "check_in_date": "2018-10-06",
      "check_out_date": "2018-10-06",
      "created": "2018-10-06T22:17:19.587Z",
      "updated": "2018-10-06T22:17:19.587Z"
   }
},
{
   "model": "reservations.reservation",
   "pk": 6,
   "fields": {
      "customer_name": "Nastia",
      "customer_email": "askdsa@ru.ru",
      "customer_phone": "+48123132312",
      "comments": "dsadasdasdasdasdad",
      "status": 1,
      "total_price": "360.00",
      "check_in_date": "2018-10-07",
      "check_out_date": "2018-10-10",
      "created": "2018-10-07T11:12:52.873Z",
      "updated": "2018-10-07T11:12:52.873Z"
   }
},
{
   "model": "reservations.reservation",
   "pk": 7,
   "fields": {
      "customer_name": "Ahmed",
      "customer_email": "ahmed@yandex.pl",
      "customer_phone": "+48987666553",
      "comments": "Nice one!",
      "status": 1,
      "total_price": "280.00",
      "check_in_date": "2018-10-07",
      "check_out_date": "2018-10-09",
      "created": "2018-10-07T14:13:02.997Z",
      "updated": "2018-10-07T14:13:02.997Z"
   }
},
{
   "model": "reservations.reservation",
   "pk": 8,
   "fields": {
      "customer_name": "mds",
      "customer_email": "qwe@dad.ru",
      "customer_phone": "+48213123",
      "comments": "asd",
      "status": 1,
      "total_price": "280.00",
      "check_in_date": "2018-10-07",
      "check_out_date": "2018-10-09",
      "created": "2018-10-07T15:25:41.062Z",
      "updated": "2018-10-07T15:25:41.062Z"
   }
},
{
   "model": "reservations.reservation",
   "pk": 9,
   "fields": {
      "customer_name": "das",
      "customer_email": "sad2@das.ru",
      "customer_phone": "+48123231",
      "comments": "das",
      "status": 1,
      "total_price": "0.00",
      "check_in_date": "2018-10-09",
      "check_out_date": "2018-10-09",
      "created": "2018-10-07T15:26:49.479Z",
      "updated": "2018-10-07T15:26:49.479Z"
   }
},
{
   "model": "reservations.reservation",
   "pk": 10,
   "fields": {
      "customer_name": "dsa",
      "customer_email": "dsa@ad.ru",
      "customer_phone": "+48123123",
      "comments": "asd",
      "status": 1,
      "total_price": "420.00",
      "check_in_date": "2018-10-07",
      "check_out_date": "2018-10-10",
      "created": "2018-10-07T15:29:12.949Z",
      "updated": "2018-10-07T15:29:12.949Z"
   }
},
{
   "model": "reservations.reservation",
   "pk": 11,
   "fields": {
      "customer_name": "qdasd",
      "customer_email": "das@dr.ru",
      "customer_phone": "+48213123",
      "comments": "dasd",
      "status": 1,
      "total_price": "0.00",
      "check_in_date": "2018-10-07",
      "check_out_date": "2018-10-07",
      "created": "2018-10-07T15:30:32.395Z",
      "updated": "2018-10-07T15:30:32.395Z"
   }
},
{
   "model": "reservations.reservation",
   "pk": 12,
   "fields": {
      "customer_name": "Ivab",
      "customer_email": "qupad@live.com",
      "customer_phone": "+482313213123",
      "comments": "nice!",
      "status": 1,
      "total_price": "280.00",
      "check_in_date": "2018-11-07",
      "check_out_date": "2018-11-09",
      "created": "2018-11-04T09:20:55.638Z",
      "updated": "2018-11-04T09:20:55.638Z"
   }
},
{
   "model": "reservations.reservation",
   "pk": 13,
   "fields": {
      "customer_name": "Pitor",
      "customer_email": "pidor@com.ua",
      "customer_phone": "+4812312322",
      "comments": "fds",
      "status": 1,
      "total_price": "0.00",
      "check_in_date": "2018-11-06",
      "check_out_date": "2018-11-06",
      "created": "2018-11-06T20:34:43.162Z",
      "updated": "2018-11-06T20:34:43.162Z"
   }
},
{
   "model": "reservations.apartmentinreservation",
   "pk": 1,
   "fields": {
      "reservation": 2,
      "apartment": 2,
      "num": 0,
      "price_per_item": "0.00",
      "total_price": "0.00",
      "is_active": true,
      "created": "2018-10-02T18:20:43.025Z",
      "updated": "2018-10-02T18:20:43.025Z"
   }
},
{
   "model": "reservations.apartmentinreservation",
   "pk": 2,
   "fields": {
      "reservation": 3,
      "apartment": 2,
      "num": 0,
      "price_per_item": "0.00",
      "total_price": "0.00",
      "is_active": true,
      "created": "2018-10-05T17:40:59.599Z",
      "updated": "2018-10-05T17:40:59.599Z"
   }
},
{
   "model": "reservations.apartmentinreservation",
   "pk": 3,
   "fields": {
      "reservation": 4,
      "apartment": 2,
      "num": 4,
      "price_per_item": "140.00",
      "total_price": "560.00",
      "is_active": true,
      "created": "2018-10-05T17:51:24.139Z",
      "updated": "2018-10-05T17:51:24.139Z"
   }
},
{
   "model": "reservations.apartmentinreservation",
   "pk": 4,
   "fields": {
      "reservation": 5,
      "apartment": 2,
      "num": 0,
      "price_per_item": "140.00",
      "total_price": "0.00",
      "is_active": true,
      "created": "2018-10-06T22:17:19.596Z",
      "updated": "2018-10-06T22:17:19.596Z"
   }
},
{
   "model": "reservations.apartmentinreservation",
   "pk": 5,
   "fields": {
      "reservation": 6,
      "apartment": 1,
      "num": 3,
      "price_per_item": "120.00",
      "total_price": "360.00",
      "is_active": true,
      "created": "2018-10-07T11:12:52.887Z",
      "updated": "2018-10-07T11:12:52.887Z"
   }
},
{
   "model": "reservations.apartmentinreservation",
   "pk": 6,
   "fields": {
      "reservation": 7,
      "apartment": 2,
      "num": 2,
      "price_per_item": "140.00",
      "total_price": "280.00",
      "is_active": true,
      "created": "2018-10-07T14:13:03.017Z",
      "updated": "2018-10-07T14:13:03.017Z"
   }
},
{
   "model": "reservations.apartmentinreservation",
   "pk": 7,
   "fields": {
      "reservation": 8,
      "apartment": 2,
      "num": 2,
      "price_per_item": "140.00",
      "total_price": "280.00",
      "is_active": true,
      "created": "2018-10-07T15:25:41.084Z",
      "updated": "2018-10-07T15:25:41.084Z"
   }
},
{
   "model": "reservations.apartmentinreservation",
   "pk": 8,
   "fields": {
      "reservation": 9,
      "apartment": 2,
      "num": 0,
      "price_per_item": "140.00",
      "total_price": "0.00",
      "is_active": true,
      "created": "2018-10-07T15:26:49.492Z",
      "updated": "2018-10-07T15:26:49.492Z"
   }
},
{
   "model": "reservations.apartmentinreservation",
   "pk": 9,
   "fields": {
      "reservation": 10,
      "apartment": 2,
      "num": 3,
      "price_per_item": "140.00",
      "total_price": "420.00",
      "is_active": true,
      "created": "2018-10-07T15:29:12.971Z",
      "updated": "2018-10-07T15:29:12.971Z"
   }
},
{
   "model": "reservations.apartmentinreservation",
   "pk": 10,
   "fields": {
      "reservation": 11,
      "apartment": 2,
      "num": 0,
      "price_per_item": "140.00",
      "total_price": "0.00",
      "is_active": true,
      "created": "2018-10-07T15:30:32.410Z",
      "updated": "2018-10-07T15:30:32.411Z"
   }
},
{
   "model": "reservations.apartmentinreservation",
   "pk": 11,
   "fields": {
      "reservation": 12,
      "apartment": 2,
      "num": 2,
      "price_per_item": "140.00",
      "total_price": "280.00",
      "is_active": true,
      "created": "2018-11-04T09:20:55.650Z",
      "updated": "2018-11-04T09:20:55.650Z"
   }
},
{
   "model": "reservations.apartmentinreservation",
   "pk": 12,
   "fields": {
      "reservation": 13,
      "apartment": 2,
      "num": 0,
      "price_per_item": "140.00",
      "total_price": "0.00",
      "is_active": true,
      "created": "2018-11-06T20:34:43.178Z",
      "updated": "2018-11-06T20:34:43.178Z"
   }
},
{
   "model": "auth.permission",
   "pk": 1,
   "fields": {
      "name": "Can add log entry",
      "content_type": 1,
      "codename": "add_logentry"
   }
},
{
   "model": "auth.permission",
   "pk": 2,
   "fields": {
      "name": "Can change log entry",
      "content_type": 1,
      "codename": "change_logentry"
   }
},
{
   "model": "auth.permission",
   "pk": 3,
   "fields": {
      "name": "Can delete log entry",
      "content_type": 1,
      "codename": "delete_logentry"
   }
},
{
   "model": "auth.permission",
   "pk": 4,
   "fields": {
      "name": "Can view log entry",
      "content_type": 1,
      "codename": "view_logentry"
   }
},
{
   "model": "auth.permission",
   "pk": 5,
   "fields": {
      "name": "Can add permission",
      "content_type": 2,
      "codename": "add_permission"
   }
},
{
   "model": "auth.permission",
   "pk": 6,
   "fields": {
      "name": "Can change permission",
      "content_type": 2,
      "codename": "change_permission"
   }
},
{
   "model": "auth.permission",
   "pk": 7,
   "fields": {
      "name": "Can delete permission",
      "content_type": 2,
      "codename": "delete_permission"
   }
},
{
   "model": "auth.permission",
   "pk": 8,
   "fields": {
      "name": "Can view permission",
      "content_type": 2,
      "codename": "view_permission"
   }
},
{
   "model": "auth.permission",
   "pk": 9,
   "fields": {
      "name": "Can add group",
      "content_type": 3,
      "codename": "add_group"
   }
},
{
   "model": "auth.permission",
   "pk": 10,
   "fields": {
      "name": "Can change group",
      "content_type": 3,
      "codename": "change_group"
   }
},
{
   "model": "auth.permission",
   "pk": 11,
   "fields": {
      "name": "Can delete group",
      "content_type": 3,
      "codename": "delete_group"
   }
},
{
   "model": "auth.permission",
   "pk": 12,
   "fields": {
      "name": "Can view group",
      "content_type": 3,
      "codename": "view_group"
   }
},
{
   "model": "auth.permission",
   "pk": 13,
   "fields": {
      "name": "Can add user",
      "content_type": 4,
      "codename": "add_user"
   }
},
{
   "model": "auth.permission",
   "pk": 14,
   "fields": {
      "name": "Can change user",
      "content_type": 4,
      "codename": "change_user"
   }
},
{
   "model": "auth.permission",
   "pk": 15,
   "fields": {
      "name": "Can delete user",
      "content_type": 4,
      "codename": "delete_user"
   }
},
{
   "model": "auth.permission",
   "pk": 16,
   "fields": {
      "name": "Can view user",
      "content_type": 4,
      "codename": "view_user"
   }
},
{
   "model": "auth.permission",
   "pk": 17,
   "fields": {
      "name": "Can add content type",
      "content_type": 5,
      "codename": "add_contenttype"
   }
},
{
   "model": "auth.permission",
   "pk": 18,
   "fields": {
      "name": "Can change content type",
      "content_type": 5,
      "codename": "change_contenttype"
   }
},
{
   "model": "auth.permission",
   "pk": 19,
   "fields": {
      "name": "Can delete content type",
      "content_type": 5,
      "codename": "delete_contenttype"
   }
},
{
   "model": "auth.permission",
   "pk": 20,
   "fields": {
      "name": "Can view content type",
      "content_type": 5,
      "codename": "view_contenttype"
   }
},
{
   "model": "auth.permission",
   "pk": 21,
   "fields": {
      "name": "Can add session",
      "content_type": 6,
      "codename": "add_session"
   }
},
{
   "model": "auth.permission",
   "pk": 22,
   "fields": {
      "name": "Can change session",
      "content_type": 6,
      "codename": "change_session"
   }
},
{
   "model": "auth.permission",
   "pk": 23,
   "fields": {
      "name": "Can delete session",
      "content_type": 6,
      "codename": "delete_session"
   }
},
{
   "model": "auth.permission",
   "pk": 24,
   "fields": {
      "name": "Can view session",
      "content_type": 6,
      "codename": "view_session"
   }
},
{
   "model": "auth.permission",
   "pk": 25,
   "fields": {
      "name": "Can add Apartament",
      "content_type": 7,
      "codename": "add_apartment"
   }
},
{
   "model": "auth.permission",
   "pk": 26,
   "fields": {
      "name": "Can change Apartament",
      "content_type": 7,
      "codename": "change_apartment"
   }
},
{
   "model": "auth.permission",
   "pk": 27,
   "fields": {
      "name": "Can delete Apartament",
      "content_type": 7,
      "codename": "delete_apartment"
   }
},
{
   "model": "auth.permission",
   "pk": 28,
   "fields": {
      "name": "Can view Apartament",
      "content_type": 7,
      "codename": "view_apartment"
   }
},
{
   "model": "auth.permission",
   "pk": 29,
   "fields": {
      "name": "Can add Image",
      "content_type": 8,
      "codename": "add_apartmentimage"
   }
},
{
   "model": "auth.permission",
   "pk": 30,
   "fields": {
      "name": "Can change Image",
      "content_type": 8,
      "codename": "change_apartmentimage"
   }
},
{
   "model": "auth.permission",
   "pk": 31,
   "fields": {
      "name": "Can delete Image",
      "content_type": 8,
      "codename": "delete_apartmentimage"
   }
},
{
   "model": "auth.permission",
   "pk": 32,
   "fields": {
      "name": "Can view Image",
      "content_type": 8,
      "codename": "view_apartmentimage"
   }
},
{
   "model": "auth.permission",
   "pk": 33,
   "fields": {
      "name": "Can add Property",
      "content_type": 9,
      "codename": "add_property"
   }
},
{
   "model": "auth.permission",
   "pk": 34,
   "fields": {
      "name": "Can change Property",
      "content_type": 9,
      "codename": "change_property"
   }
},
{
   "model": "auth.permission",
   "pk": 35,
   "fields": {
      "name": "Can delete Property",
      "content_type": 9,
      "codename": "delete_property"
   }
},
{
   "model": "auth.permission",
   "pk": 36,
   "fields": {
      "name": "Can view Property",
      "content_type": 9,
      "codename": "view_property"
   }
},
{
   "model": "auth.permission",
   "pk": 37,
   "fields": {
      "name": "Can add Apartment property",
      "content_type": 10,
      "codename": "add_apartmentproperty"
   }
},
{
   "model": "auth.permission",
   "pk": 38,
   "fields": {
      "name": "Can change Apartment property",
      "content_type": 10,
      "codename": "change_apartmentproperty"
   }
},
{
   "model": "auth.permission",
   "pk": 39,
   "fields": {
      "name": "Can delete Apartment property",
      "content_type": 10,
      "codename": "delete_apartmentproperty"
   }
},
{
   "model": "auth.permission",
   "pk": 40,
   "fields": {
      "name": "Can view Apartment property",
      "content_type": 10,
      "codename": "view_apartmentproperty"
   }
},
{
   "model": "auth.permission",
   "pk": 41,
   "fields": {
      "name": "Can add Reservation status",
      "content_type": 11,
      "codename": "add_status"
   }
},
{
   "model": "auth.permission",
   "pk": 42,
   "fields": {
      "name": "Can change Reservation status",
      "content_type": 11,
      "codename": "change_status"
   }
},
{
   "model": "auth.permission",
   "pk": 43,
   "fields": {
      "name": "Can delete Reservation status",
      "content_type": 11,
      "codename": "delete_status"
   }
},
{
   "model": "auth.permission",
   "pk": 44,
   "fields": {
      "name": "Can view Reservation status",
      "content_type": 11,
      "codename": "view_status"
   }
},
{
   "model": "auth.permission",
   "pk": 45,
   "fields": {
      "name": "Can add Reservation",
      "content_type": 12,
      "codename": "add_reservation"
   }
},
{
   "model": "auth.permission",
   "pk": 46,
   "fields": {
      "name": "Can change Reservation",
      "content_type": 12,
      "codename": "change_reservation"
   }
},
{
   "model": "auth.permission",
   "pk": 47,
   "fields": {
      "name": "Can delete Reservation",
      "content_type": 12,
      "codename": "delete_reservation"
   }
},
{
   "model": "auth.permission",
   "pk": 48,
   "fields": {
      "name": "Can view Reservation",
      "content_type": 12,
      "codename": "view_reservation"
   }
},
{
   "model": "auth.permission",
   "pk": 49,
   "fields": {
      "name": "Can add Apartment in reservation",
      "content_type": 13,
      "codename": "add_apartmentinreservation"
   }
},
{
   "model": "auth.permission",
   "pk": 50,
   "fields": {
      "name": "Can change Apartment in reservation",
      "content_type": 13,
      "codename": "change_apartmentinreservation"
   }
},
{
   "model": "auth.permission",
   "pk": 51,
   "fields": {
      "name": "Can delete Apartment in reservation",
      "content_type": 13,
      "codename": "delete_apartmentinreservation"
   }
},
{
   "model": "auth.permission",
   "pk": 52,
   "fields": {
      "name": "Can view Apartment in reservation",
      "content_type": 13,
      "codename": "view_apartmentinreservation"
   }
},
{
   "model": "auth.permission",
   "pk": 53,
   "fields": {
      "name": "Can add apartment",
      "content_type": 14,
      "codename": "add_apartment"
   }
},
{
   "model": "auth.permission",
   "pk": 54,
   "fields": {
      "name": "Can change apartment",
      "content_type": 14,
      "codename": "change_apartment"
   }
},
{
   "model": "auth.permission",
   "pk": 55,
   "fields": {
      "name": "Can delete apartment",
      "content_type": 14,
      "codename": "delete_apartment"
   }
},
{
   "model": "auth.permission",
   "pk": 56,
   "fields": {
      "name": "Can view apartment",
      "content_type": 14,
      "codename": "view_apartment"
   }
},
{
   "model": "auth.permission",
   "pk": 57,
   "fields": {
      "name": "Can add Apartment property",
      "content_type": 15,
      "codename": "add_apartmentproperty"
   }
},
{
   "model": "auth.permission",
   "pk": 58,
   "fields": {
      "name": "Can change Apartment property",
      "content_type": 15,
      "codename": "change_apartmentproperty"
   }
},
{
   "model": "auth.permission",
   "pk": 59,
   "fields": {
      "name": "Can delete Apartment property",
      "content_type": 15,
      "codename": "delete_apartmentproperty"
   }
},
{
   "model": "auth.permission",
   "pk": 60,
   "fields": {
      "name": "Can view Apartment property",
      "content_type": 15,
      "codename": "view_apartmentproperty"
   }
},
{
   "model": "auth.permission",
   "pk": 61,
   "fields": {
      "name": "Can add Property",
      "content_type": 16,
      "codename": "add_property"
   }
},
{
   "model": "auth.permission",
   "pk": 62,
   "fields": {
      "name": "Can change Property",
      "content_type": 16,
      "codename": "change_property"
   }
},
{
   "model": "auth.permission",
   "pk": 63,
   "fields": {
      "name": "Can delete Property",
      "content_type": 16,
      "codename": "delete_property"
   }
},
{
   "model": "auth.permission",
   "pk": 64,
   "fields": {
      "name": "Can view Property",
      "content_type": 16,
      "codename": "view_property"
   }
},
{
   "model": "auth.permission",
   "pk": 65,
   "fields": {
      "name": "Can add Image",
      "content_type": 17,
      "codename": "add_apartmentimage"
   }
},
{
   "model": "auth.permission",
   "pk": 66,
   "fields": {
      "name": "Can change Image",
      "content_type": 17,
      "codename": "change_apartmentimage"
   }
},
{
   "model": "auth.permission",
   "pk": 67,
   "fields": {
      "name": "Can delete Image",
      "content_type": 17,
      "codename": "delete_apartmentimage"
   }
},
{
   "model": "auth.permission",
   "pk": 68,
   "fields": {
      "name": "Can view Image",
      "content_type": 17,
      "codename": "view_apartmentimage"
   }
},
{
   "model": "auth.permission",
   "pk": 69,
   "fields": {
      "name": "Can add Date statuses",
      "content_type": 18,
      "codename": "add_apartmentdates"
   }
},
{
   "model": "auth.permission",
   "pk": 70,
   "fields": {
      "name": "Can change Date statuses",
      "content_type": 18,
      "codename": "change_apartmentdates"
   }
},
{
   "model": "auth.permission",
   "pk": 71,
   "fields": {
      "name": "Can delete Date statuses",
      "content_type": 18,
      "codename": "delete_apartmentdates"
   }
},
{
   "model": "auth.permission",
   "pk": 72,
   "fields": {
      "name": "Can view Date statuses",
      "content_type": 18,
      "codename": "view_apartmentdates"
   }
},
{
   "model": "auth.user",
   "pk": 1,
   "fields": {
      "password": "pbkdf2_sha256$120000$e5UXv5ybrjYm$JV3NhpyhLoC73D1wDhvhx4JSPDcHy2USj6GQ1YJJgl0=",
      "last_login": "2018-11-06T20:28:35.697Z",
      "is_superuser": true,
      "username": "admin",
      "first_name": "",
      "last_name": "",
      "email": "",
      "is_staff": true,
      "is_active": true,
      "date_joined": "2018-09-22T14:44:32.010Z",
      "groups": [],
      "user_permissions": []
   }
},
{
   "model": "auth.user",
   "pk": 13,
   "fields": {
      "password": "pbkdf2_sha256$120000$QO0ie17Mix5g$+mv4sSNuTUlkWw6gre8Sd5PRZKt7mWVDG1EJ9W9HDFI=",
      "last_login": "2018-10-24T20:28:39.869Z",
      "is_superuser": false,
      "username": "qupad@dkasd.ru",
      "first_name": "",
      "last_name": "",
      "email": "",
      "is_staff": false,
      "is_active": true,
      "date_joined": "2018-10-24T20:28:39.314Z",
      "groups": [],
      "user_permissions": []
   }
},
{
   "model": "auth.user",
   "pk": 14,
   "fields": {
      "password": "pbkdf2_sha256$120000$zmN9LIwjgr2N$f336v69b4R8u3IpvZIMoVR/BD21XyXj2GNqE8G/mEDg=",
      "last_login": "2018-10-24T21:03:42.084Z",
      "is_superuser": false,
      "username": "das@da.ru",
      "first_name": "",
      "last_name": "",
      "email": "",
      "is_staff": false,
      "is_active": true,
      "date_joined": "2018-10-24T21:03:41.597Z",
      "groups": [],
      "user_permissions": []
   }
},
{
   "model": "auth.user",
   "pk": 15,
   "fields": {
      "password": "pbkdf2_sha256$120000$6actlTjDk7WD$H37lDFmO3+Qenmbq4YKNcyaAXh7+VwPIuF6dnRhxpWQ=",
      "last_login": "2018-10-24T21:21:55.520Z",
      "is_superuser": false,
      "username": "iii@iii.iii",
      "first_name": "",
      "last_name": "",
      "email": "",
      "is_staff": true,
      "is_active": true,
      "date_joined": "2018-10-24T21:11:57Z",
      "groups": [],
      "user_permissions": []
   }
},
{
   "model": "auth.user",
   "pk": 16,
   "fields": {
      "password": "pbkdf2_sha256$120000$QxaTXXl6UCJh$5zZHdI1rBhrOxv6sbi46DeBnWeHf0ztUifdLVZUqbW0=",
      "last_login": "2018-10-24T21:57:01.403Z",
      "is_superuser": false,
      "username": "qwe@ad.r",
      "first_name": "",
      "last_name": "",
      "email": "",
      "is_staff": false,
      "is_active": true,
      "date_joined": "2018-10-24T21:57:00.985Z",
      "groups": [],
      "user_permissions": []
   }
},
{
   "model": "auth.user",
   "pk": 17,
   "fields": {
      "password": "pbkdf2_sha256$120000$F7GYgqAUhY9E$84exODdGy+p/HDsvt5qRhmQbAfr0t/dOTEK55eR11aw=",
      "last_login": "2018-10-25T18:04:09.438Z",
      "is_superuser": false,
      "username": "dsa@kad.ru",
      "first_name": "",
      "last_name": "",
      "email": "",
      "is_staff": false,
      "is_active": true,
      "date_joined": "2018-10-25T18:04:09.008Z",
      "groups": [],
      "user_permissions": []
   }
},
{
   "model": "auth.user",
   "pk": 18,
   "fields": {
      "password": "pbkdf2_sha256$120000$ZzFnjUIvQXfA$UGDLtqx7jhVKUWVGJJjGEa2OUNvpApSSdEzRPYI5nUU=",
      "last_login": "2018-10-25T18:35:06.831Z",
      "is_superuser": false,
      "username": "qupad@ewq.ru",
      "first_name": "",
      "last_name": "",
      "email": "",
      "is_staff": false,
      "is_active": true,
      "date_joined": "2018-10-25T18:35:06.372Z",
      "groups": [],
      "user_permissions": []
   }
},
{
   "model": "auth.user",
   "pk": 19,
   "fields": {
      "password": "pbkdf2_sha256$120000$voZ8MyTj6SPv$pOaRZS7i0qG/SdrqiFkzVcYaTA+1LHDeEBqJbmI4oFI=",
      "last_login": "2018-11-03T09:14:12.731Z",
      "is_superuser": false,
      "username": "qupad@live.com",
      "first_name": "",
      "last_name": "",
      "email": "",
      "is_staff": false,
      "is_active": true,
      "date_joined": "2018-11-01T21:58:53.264Z",
      "groups": [],
      "user_permissions": []
   }
},
{
   "model": "auth.user",
   "pk": 20,
   "fields": {
      "password": "pbkdf2_sha256$120000$Pi39WR2eUyoJ$zH/nl/50wpT3crVknyMy2UFW07tpqO5xYeX6CXTGJFU=",
      "last_login": "2018-11-01T22:18:54.681Z",
      "is_superuser": false,
      "username": "fyfrjytr@ygyyy",
      "first_name": "",
      "last_name": "",
      "email": "",
      "is_staff": false,
      "is_active": true,
      "date_joined": "2018-11-01T22:18:54.437Z",
      "groups": [],
      "user_permissions": []
   }
},
{
   "model": "admin.logentry",
   "pk": 1,
   "fields": {
      "action_time": "2018-09-22T14:46:32.498Z",
      "user": 1,
      "content_type": 14,
      "object_id": "1",
      "object_repr": " Lux Apartments",
      "action_flag": 1,
      "change_message": "[{\"added\": {}}, {\"added\": {\"name\": \"Image\", \"object\": \"ApartmentImage object (1)\"}}, {\"added\": {\"name\": \"Image\", \"object\": \"ApartmentImage object (2)\"}}, {\"added\": {\"name\": \"Image\", \"object\": \"ApartmentImage object (3)\"}}, {\"added\": {\"name\": \"Image\", \"object\": \"ApartmentImage object (4)\"}}]"
   }
},
{
   "model": "admin.logentry",
   "pk": 2,
   "fields": {
      "action_time": "2018-09-22T14:47:32.992Z",
      "user": 1,
      "content_type": 14,
      "object_id": "2",
      "object_repr": " Deluxe Apartments",
      "action_flag": 1,
      "change_message": "[{\"added\": {}}, {\"added\": {\"name\": \"Image\", \"object\": \"ApartmentImage object (5)\"}}, {\"added\": {\"name\": \"Image\", \"object\": \"ApartmentImage object (6)\"}}, {\"added\": {\"name\": \"Image\", \"object\": \"ApartmentImage object (7)\"}}, {\"added\": {\"name\": \"Image\", \"object\": \"ApartmentImage object (8)\"}}]"
   }
},
{
   "model": "admin.logentry",
   "pk": 3,
   "fields": {
      "action_time": "2018-09-22T14:47:39.986Z",
      "user": 1,
      "content_type": 14,
      "object_id": "1",
      "object_repr": " Lux Apartments",
      "action_flag": 2,
      "change_message": "[{\"changed\": {\"name\": \"Image\", \"object\": \"ApartmentImage object (1)\", \"fields\": [\"number_of_image\"]}}, {\"changed\": {\"name\": \"Image\", \"object\": \"ApartmentImage object (2)\", \"fields\": [\"number_of_image\"]}}, {\"changed\": {\"name\": \"Image\", \"object\": \"ApartmentImage object (3)\", \"fields\": [\"number_of_image\"]}}, {\"changed\": {\"name\": \"Image\", \"object\": \"ApartmentImage object (4)\", \"fields\": [\"number_of_image\"]}}]"
   }
},
{
   "model": "admin.logentry",
   "pk": 4,
   "fields": {
      "action_time": "2018-10-02T17:29:37.276Z",
      "user": 1,
      "content_type": 11,
      "object_id": "1",
      "object_repr": "Status Pre-reservation",
      "action_flag": 1,
      "change_message": "[{\"added\": {}}]"
   }
},
{
   "model": "admin.logentry",
   "pk": 5,
   "fields": {
      "action_time": "2018-10-09T18:12:03.669Z",
      "user": 1,
      "content_type": 18,
      "object_id": "1",
      "object_repr": "ApartmentDates object (1)",
      "action_flag": 1,
      "change_message": "[{\"added\": {}}]"
   }
},
{
   "model": "admin.logentry",
   "pk": 6,
   "fields": {
      "action_time": "2018-10-09T18:19:20.740Z",
      "user": 1,
      "content_type": 18,
      "object_id": "2",
      "object_repr": "ApartmentDates object (2)",
      "action_flag": 1,
      "change_message": "[{\"added\": {}}]"
   }
},
{
   "model": "admin.logentry",
   "pk": 7,
   "fields": {
      "action_time": "2018-10-09T18:19:27.554Z",
      "user": 1,
      "content_type": 18,
      "object_id": "1",
      "object_repr": "ApartmentDates object (1)",
      "action_flag": 2,
      "change_message": "[{\"changed\": {\"fields\": [\"status\"]}}]"
   }
},
{
   "model": "admin.logentry",
   "pk": 8,
   "fields": {
      "action_time": "2018-10-09T18:22:50.910Z",
      "user": 1,
      "content_type": 18,
      "object_id": "2",
      "object_repr": "ApartmentDates object (2)",
      "action_flag": 3,
      "change_message": ""
   }
},
{
   "model": "admin.logentry",
   "pk": 9,
   "fields": {
      "action_time": "2018-10-09T18:22:50.929Z",
      "user": 1,
      "content_type": 18,
      "object_id": "1",
      "object_repr": "ApartmentDates object (1)",
      "action_flag": 3,
      "change_message": ""
   }
},
{
   "model": "admin.logentry",
   "pk": 10,
   "fields": {
      "action_time": "2018-10-09T18:26:43.266Z",
      "user": 1,
      "content_type": 18,
      "object_id": "1",
      "object_repr": "ApartmentDates object (1)",
      "action_flag": 1,
      "change_message": "[{\"added\": {}}]"
   }
},
{
   "model": "admin.logentry",
   "pk": 11,
   "fields": {
      "action_time": "2018-10-09T18:26:54.317Z",
      "user": 1,
      "content_type": 18,
      "object_id": "2",
      "object_repr": "ApartmentDates object (2)",
      "action_flag": 1,
      "change_message": "[{\"added\": {}}]"
   }
},
{
   "model": "admin.logentry",
   "pk": 12,
   "fields": {
      "action_time": "2018-10-09T18:27:01.624Z",
      "user": 1,
      "content_type": 18,
      "object_id": "2",
      "object_repr": "ApartmentDates object (2)",
      "action_flag": 2,
      "change_message": "[{\"changed\": {\"fields\": [\"apartment\"]}}]"
   }
},
{
   "model": "admin.logentry",
   "pk": 13,
   "fields": {
      "action_time": "2018-10-09T18:27:10.647Z",
      "user": 1,
      "content_type": 18,
      "object_id": "1",
      "object_repr": "ApartmentDates object (1)",
      "action_flag": 2,
      "change_message": "[{\"changed\": {\"fields\": [\"date\"]}}]"
   }
},
{
   "model": "admin.logentry",
   "pk": 14,
   "fields": {
      "action_time": "2018-10-18T18:11:13.284Z",
      "user": 1,
      "content_type": 18,
      "object_id": "3",
      "object_repr": "ApartmentDates object (3)",
      "action_flag": 1,
      "change_message": "[{\"added\": {}}]"
   }
},
{
   "model": "admin.logentry",
   "pk": 15,
   "fields": {
      "action_time": "2018-10-18T18:45:34.504Z",
      "user": 1,
      "content_type": 18,
      "object_id": "4",
      "object_repr": "ApartmentDates object (4)",
      "action_flag": 1,
      "change_message": "[{\"added\": {}}]"
   }
},
{
   "model": "admin.logentry",
   "pk": 16,
   "fields": {
      "action_time": "2018-10-18T18:45:44.687Z",
      "user": 1,
      "content_type": 18,
      "object_id": "5",
      "object_repr": "ApartmentDates object (5)",
      "action_flag": 1,
      "change_message": "[{\"added\": {}}]"
   }
},
{
   "model": "admin.logentry",
   "pk": 17,
   "fields": {
      "action_time": "2018-10-23T17:45:46.676Z",
      "user": 1,
      "content_type": 4,
      "object_id": "12",
      "object_repr": "das@ru.riu",
      "action_flag": 3,
      "change_message": ""
   }
},
{
   "model": "admin.logentry",
   "pk": 18,
   "fields": {
      "action_time": "2018-10-23T17:45:46.696Z",
      "user": 1,
      "content_type": 4,
      "object_id": "11",
      "object_repr": "dasd2@adasd.ru",
      "action_flag": 3,
      "change_message": ""
   }
},
{
   "model": "admin.logentry",
   "pk": 19,
   "fields": {
      "action_time": "2018-10-23T17:45:46.713Z",
      "user": 1,
      "content_type": 4,
      "object_id": "5",
      "object_repr": "ewqe@2.ru",
      "action_flag": 3,
      "change_message": ""
   }
},
{
   "model": "admin.logentry",
   "pk": 20,
   "fields": {
      "action_time": "2018-10-23T17:45:46.728Z",
      "user": 1,
      "content_type": 4,
      "object_id": "2",
      "object_repr": "monsin",
      "action_flag": 3,
      "change_message": ""
   }
},
{
   "model": "admin.logentry",
   "pk": 21,
   "fields": {
      "action_time": "2018-10-23T17:45:46.741Z",
      "user": 1,
      "content_type": 4,
      "object_id": "9",
      "object_repr": "qwe@ead.ru",
      "action_flag": 3,
      "change_message": ""
   }
},
{
   "model": "admin.logentry",
   "pk": 22,
   "fields": {
      "action_time": "2018-10-23T17:45:46.761Z",
      "user": 1,
      "content_type": 4,
      "object_id": "7",
      "object_repr": "qwe@gad.c",
      "action_flag": 3,
      "change_message": ""
   }
},
{
   "model": "admin.logentry",
   "pk": 23,
   "fields": {
      "action_time": "2018-10-23T17:45:46.773Z",
      "user": 1,
      "content_type": 4,
      "object_id": "8",
      "object_repr": "qwe@jda.ru",
      "action_flag": 3,
      "change_message": ""
   }
},
{
   "model": "admin.logentry",
   "pk": 24,
   "fields": {
      "action_time": "2018-10-23T17:45:46.786Z",
      "user": 1,
      "content_type": 4,
      "object_id": "10",
      "object_repr": "qweq@udasd.ru",
      "action_flag": 3,
      "change_message": ""
   }
},
{
   "model": "admin.logentry",
   "pk": 25,
   "fields": {
      "action_time": "2018-10-23T17:45:46.803Z",
      "user": 1,
      "content_type": 4,
      "object_id": "3",
      "object_repr": "user1@gmail.com",
      "action_flag": 3,
      "change_message": ""
   }
},
{
   "model": "admin.logentry",
   "pk": 26,
   "fields": {
      "action_time": "2018-10-23T17:45:46.817Z",
      "user": 1,
      "content_type": 4,
      "object_id": "4",
      "object_repr": "user2@gmail.com",
      "action_flag": 3,
      "change_message": ""
   }
},
{
   "model": "admin.logentry",
   "pk": 27,
   "fields": {
      "action_time": "2018-10-23T17:45:46.834Z",
      "user": 1,
      "content_type": 4,
      "object_id": "6",
      "object_repr": "wqe@ru.com",
      "action_flag": 3,
      "change_message": ""
   }
},
{
   "model": "admin.logentry",
   "pk": 28,
   "fields": {
      "action_time": "2018-10-24T21:12:43.653Z",
      "user": 1,
      "content_type": 4,
      "object_id": "15",
      "object_repr": "iii@iii.iii",
      "action_flag": 2,
      "change_message": "[{\"changed\": {\"fields\": [\"is_staff\"]}}]"
   }
}
]
